{
  "num_runs": 3,
  "successful_runs": 3,
  "unique_outputs": 2,
  "consistency_rate": 0.6666666666666667,
  "report": {
    "overall_metrics": {
      "mean_cv": 0.10770857291493488,
      "meets_target": true
    },
    "by_document_type": {
      "informed-consent": {
        "runs": 3,
        "cv": 0.10770857291493488,
        "structural_consistency": 0.6666666666666667,
        "mean_word_count": 437.6666666666667,
        "unique_outputs": 2
      }
    }
  },
  "hashes": [
    "1bda817c4279bf9f82e76af3242ee5c1d4c5bbd5d1e6aefb78a3bd469b91505c",
    "1bda817c4279bf9f82e76af3242ee5c1d4c5bbd5d1e6aefb78a3bd469b91505c",
    "082955a568596a231a8aba52d97bbf2f69c93a642692b18d8e417e724fd0827d"
  ],
  "word_counts": [
    438,
    438,
    437
  ]
}